start1,end1,start2,end2,length,similarity,match_type,repeat1,repeat2,gc_content1,gc_content2,protein1,protein2,mutation_type,substitution_type,codon_position
11,20,722,731,9,0.889,forward,CTTGTTTTA,CTTGCTTTA,22.22,33.33,L-V-L,L-A-L,nonsynonymous,transition,2
16,25,105,114,9,0.889,forward,TTTATTGCC,TTTATTACC,33.33,22.22,F-I-A,F-I-T,nonsynonymous,transition,1
16,25,426,435,9,0.889,forward,TTTATTGCC,TTTATTACC,33.33,22.22,F-I-A,F-I-T,nonsynonymous,transition,1
17,26,427,436,9,0.889,forward,TTATTGCCA,TTATTACCA,33.33,22.22,L-L-P,L-L-P,synonymous,transition,3
18,27,428,437,9,0.889,forward,TATTGCCAC,TATTACCAC,44.44,33.33,Y-C-H,Y-Y-H,nonsynonymous,transition,2
20,29,683,692,9,0.889,forward,TTGCCACTA,TTGCCAATA,44.44,33.33,L-P-L,L-P-I,nonsynonymous,transversion,1
21,30,684,693,9,0.889,forward,TGCCACTAG,TGCCAATAG,55.56,44.44,C-H-*,C-Q-*,nonsynonymous,transversion,3
41,50,429,438,9,0.889,reverse_complement,TGTGTTAAT,ATTACCACA,22.22,33.33,C-V-N,I-T-T,nonsynonymous,"transition,transversion","1,2,3"
46,55,988,997,9,0.889,forward,TAATCTTAC,TAATATTAC,22.22,11.11,*-S-Y,*-Y-Y,nonsynonymous,transversion,2
47,56,976,985,9,0.889,reverse_complement,AATCTTACA,TGTTAGATT,22.22,22.22,N-L-T,C-*-I,stop_gain,"transition,transversion","1,2,3"
47,56,989,998,9,0.889,forward,AATCTTACA,AATATTACA,22.22,11.11,N-L-T,N-I-T,nonsynonymous,transversion,1
48,57,975,984,9,0.889,reverse_complement,ATCTTACAA,TTGTTAGAT,22.22,22.22,I-L-Q,L-L-D,nonsynonymous,transversion,"1,3"
48,57,990,999,9,0.889,forward,ATCTTACAA,ATATTACAA,22.22,11.11,I-L-Q,I-L-Q,synonymous,transversion,3
51,60,665,674,9,0.889,forward,TTACAACCA,TTAGAACCA,33.33,33.33,L-Q-P,L-E-P,nonsynonymous,transversion,1
54,63,763,772,9,0.889,reverse_complement,CAACCAGAA,TTCAGGTTG,44.44,44.44,Q-P-E,F-R-L,nonsynonymous,"transition,transversion","1,2,3"
58,67,463,472,9,0.889,reverse_complement,CAGAACTCA,TGAGTTCAG,44.44,44.44,Q-N-S,*-V-Q,stop_gain,"transition,transversion","1,2,3"
60,69,461,470,9,0.889,reverse_complement,GAACTCAAT,AGTGAGTTC,33.33,44.44,E-L-N,S-E-F,nonsynonymous,"transition,transversion","1,2,3"
61,70,460,469,9,0.889,reverse_complement,AACTCAATT,AAGTGAGTT,22.22,33.33,N-S-I,K-*-V,stop_gain,"transition,transversion","1,2,3"
62,71,628,637,9,0.889,reverse_complement,ACTCAATTA,TAATTTAGT,22.22,11.11,T-Q-L,*-F-S,stop_gain,"transition,transversion","1,2,3"
65,74,547,556,9,0.889,reverse_complement,CAATTACCC,GGGTAATTT,44.44,33.33,Q-L-P,G-*-F,stop_gain,"transition,transversion","1,2,3"
66,75,546,555,9,0.889,reverse_complement,AATTACCCC,AGGGTAATT,44.44,33.33,N-Y-P,R-V-I,nonsynonymous,"transition,transversion","1,2,3"
81,90,570,579,9,0.889,reverse_complement,ACACTAATT,AATTTGTGT,22.22,22.22,T-L-I,N-L-C,nonsynonymous,"transition,transversion","1,2,3"
82,91,569,578,9,0.889,reverse_complement,CACTAATTC,GAATTTGTG,33.33,33.33,H-*-F,E-F-V,stop_loss,transversion,"1,2,3"
100,109,262,271,9,1.0,forward,TGGTGTTTA,TGGTGTTTA,33.33,33.33,W-C-L,W-C-L,synonymous,none,none
100,109,421,430,9,0.889,forward,TGGTGTTTA,GGGTGTTTA,33.33,44.44,W-C-L,G-C-L,nonsynonymous,transversion,1
100,109,573,582,9,0.889,forward,TGGTGTTTA,TTGTGTTTA,33.33,22.22,W-C-L,L-C-L,nonsynonymous,transversion,2
101,110,263,272,9,1.0,forward,GGTGTTTAT,GGTGTTTAT,33.33,33.33,G-V-Y,G-V-Y,synonymous,none,none
101,110,422,431,9,1.0,forward,GGTGTTTAT,GGTGTTTAT,33.33,33.33,G-V-Y,G-V-Y,synonymous,none,none
102,111,264,273,9,1.0,forward,GTGTTTATT,GTGTTTATT,22.22,22.22,V-F-I,V-F-I,synonymous,none,none
102,111,423,432,9,1.0,forward,GTGTTTATT,GTGTTTATT,22.22,22.22,V-F-I,V-F-I,synonymous,none,none
102,111,471,480,9,0.889,forward,GTGTTTATT,GAGTTTATT,22.22,22.22,V-F-I,E-F-I,nonsynonymous,transversion,2
103,112,265,274,9,0.889,forward,TGTTTATTA,TGTTTATTT,11.11,11.11,C-L-L,C-L-F,nonsynonymous,transversion,3
103,112,424,433,9,1.0,forward,TGTTTATTA,TGTTTATTA,11.11,11.11,C-L-L,C-L-L,synonymous,none,none
104,113,425,434,9,1.0,forward,GTTTATTAC,GTTTATTAC,22.22,22.22,V-Y-Y,V-Y-Y,synonymous,none,none
105,114,426,435,9,1.0,forward,TTTATTACC,TTTATTACC,22.22,22.22,F-I-T,F-I-T,synonymous,none,none
106,115,427,436,9,0.889,forward,TTATTACCC,TTATTACCA,33.33,22.22,L-L-P,L-L-P,synonymous,transversion,3
107,116,546,555,9,0.889,reverse_complement,TATTACCCT,AGGGTAATT,33.33,33.33,Y-Y-P,R-V-I,nonsynonymous,"transition,transversion","1,2,3"
108,117,237,246,9,0.889,forward,ATTACCCTG,ATAACCCTG,44.44,44.44,I-T-L,I-T-L,synonymous,transversion,3
108,117,545,554,9,1.0,reverse_complement,ATTACCCTG,CAGGGTAAT,44.44,44.44,I-T-L,Q-G-N,nonsynonymous,"transition,transversion","1,2,3"
109,118,544,553,9,0.889,reverse_complement,TTACCCTGA,ACAGGGTAA,44.44,44.44,L-P-*,T-G-*,nonsynonymous,"transition,transversion","1,2,3"
117,126,893,902,9,0.889,forward,ACAAAGTTT,ACAAAGTGT,22.22,33.33,T-K-F,T-K-C,nonsynonymous,transversion,2
131,140,148,157,9,0.889,reverse_complement,TCCTCAGTT,AACTCAGGA,44.44,44.44,S-S-V,N-S-G,nonsynonymous,transversion,"1,2,3"
137,146,725,734,9,0.889,forward,GTTTTACAT,GCTTTACAT,22.22,33.33,V-L-H,A-L-H,nonsynonymous,transition,2
139,148,325,334,9,0.889,forward,TTTACATTC,TTTAGATTC,22.22,22.22,F-T-F,F-R-F,nonsynonymous,transversion,2
143,152,449,458,9,0.889,reverse_complement,CATTCAACT,AGTTGGATG,33.33,44.44,H-S-T,S-W-M,nonsynonymous,"transition,transversion","1,2,3"
153,162,815,824,9,0.889,forward,AGGACTTGT,AGGACTTTT,44.44,33.33,R-T-C,R-T-F,nonsynonymous,transversion,2
158,167,375,384,9,0.889,forward,TTGTTCTTA,TTGTTATTA,22.22,11.11,L-F-L,L-L-L,nonsynonymous,transversion,3
173,182,682,691,9,0.889,forward,TTTTCCAAT,TTTGCCAAT,22.22,33.33,F-S-N,F-A-N,nonsynonymous,transversion,1
177,186,216,225,9,0.889,forward,CCAATGTTA,CCAATGGTA,33.33,44.44,P-M-L,P-M-V,nonsynonymous,transversion,1
178,187,217,226,9,0.889,forward,CAATGTTAC,CAATGGTAC,33.33,44.44,Q-C-Y,Q-W-Y,nonsynonymous,transversion,3
179,188,218,227,9,0.889,forward,AATGTTACT,AATGGTACT,22.22,33.33,N-V-T,N-G-T,nonsynonymous,transversion,2
183,192,719,728,9,0.889,forward,TTACTTGGT,TTACTTGCT,33.33,33.33,L-L-G,L-L-A,nonsynonymous,transversion,2
184,193,720,729,9,0.889,forward,TACTTGGTT,TACTTGCTT,33.33,33.33,Y-L-V,Y-L-L,nonsynonymous,transversion,1
187,196,211,220,9,0.889,reverse_complement,TTGGTTCCA,TGGGACCAA,44.44,55.56,L-V-P,W-D-Q,nonsynonymous,"transition,transversion","2,3"
187,196,273,282,9,0.889,forward,TTGGTTCCA,TTGCTTCCA,44.44,44.44,L-V-P,L-L-P,nonsynonymous,transversion,1
187,196,844,853,9,0.889,reverse_complement,TTGGTTCCA,TGGAACCAT,44.44,44.44,L-V-P,W-N-H,nonsynonymous,"transition,transversion","1,2,3"
188,197,843,852,9,1.0,reverse_complement,TGGTTCCAT,ATGGAACCA,44.44,44.44,W-F-H,M-E-P,nonsynonymous,transversion,"1,2,3"
189,198,842,851,9,0.889,reverse_complement,GGTTCCATG,AATGGAACC,55.56,44.44,G-S-M,N-G-T,nonsynonymous,"transition,transversion","1,2,3"
196,205,724,733,9,0.889,forward,TGCTATACA,TGCTTTACA,33.33,33.33,C-Y-T,C-F-T,nonsynonymous,transversion,2
197,206,725,734,9,0.889,forward,GCTATACAT,GCTTTACAT,33.33,33.33,A-I-H,A-L-H,nonsynonymous,transversion,1
202,211,505,514,9,0.889,forward,ACATGTCTC,ATATGTCTC,44.44,33.33,T-C-L,I-C-L,nonsynonymous,transition,2
203,212,506,515,9,0.889,forward,CATGTCTCT,TATGTCTCT,44.44,33.33,H-V-S,Y-V-S,nonsynonymous,transition,1
204,213,507,516,9,0.889,forward,ATGTCTCTG,ATGTCTCTC,44.44,44.44,M-S-L,M-S-L,synonymous,transversion,3
214,223,671,680,9,0.889,reverse_complement,GACCAATGG,CCATTGGTA,55.56,44.44,D-Q-W,P-L-V,nonsynonymous,"transition,transversion","1,2,3"
215,224,670,679,9,1.0,reverse_complement,ACCAATGGT,ACCATTGGT,44.44,44.44,T-N-G,T-I-G,nonsynonymous,transversion,2
216,225,669,678,9,0.889,reverse_complement,CCAATGGTA,AACCATTGG,44.44,44.44,P-M-V,N-H-W,nonsynonymous,"transition,transversion","1,2,3"
216,225,671,680,9,0.889,forward,CCAATGGTA,CCATTGGTA,44.44,44.44,P-M-V,P-L-V,nonsynonymous,transversion,1
217,226,668,677,9,0.889,reverse_complement,CAATGGTAC,GAACCATTG,44.44,44.44,Q-W-Y,E-P-L,nonsynonymous,"transition,transversion","1,2,3"
218,227,667,676,9,0.889,reverse_complement,AATGGTACT,AGAACCATT,33.33,33.33,N-G-T,R-T-I,nonsynonymous,"transition,transversion","1,2,3"
219,228,315,324,9,0.889,forward,ATGGTACTA,TTGGTACTA,33.33,33.33,M-V-L,L-V-L,nonsynonymous,transversion,1
219,228,666,675,9,0.889,reverse_complement,ATGGTACTA,TAGAACCAT,33.33,33.33,M-V-L,*-N-H,stop_gain,"transition,transversion","1,2,3"
220,229,316,325,9,0.889,forward,TGGTACTAA,TGGTACTAC,33.33,44.44,W-Y-*,W-Y-Y,stop_loss,transversion,3
220,229,427,436,9,0.889,reverse_complement,TGGTACTAA,TTATTACCA,33.33,22.22,W-Y-*,L-L-P,stop_loss,"transition,transversion","1,2,3"
220,229,665,674,9,0.889,reverse_complement,TGGTACTAA,TTAGAACCA,33.33,33.33,W-Y-*,L-E-P,stop_loss,"transition,transversion","1,2,3"
223,232,297,306,9,0.889,forward,TACTAAGAG,TAATAAGAG,33.33,22.22,Y-*-E,*-*-E,nonsynonymous,transversion,3
224,233,298,307,9,0.889,forward,ACTAAGAGG,AATAAGAGG,44.44,33.33,T-K-R,N-K-R,nonsynonymous,transversion,2
226,235,300,309,9,0.889,forward,TAAGAGGTT,TAAGAGGCT,33.33,44.44,*-E-V,*-E-A,nonsynonymous,transition,2
228,237,938,947,9,0.889,reverse_complement,AGAGGTTTG,CAAACTTCT,44.44,33.33,R-G-L,Q-T-S,nonsynonymous,"transition,transversion","1,2,3"
229,238,937,946,9,0.889,reverse_complement,GAGGTTTGA,TCAAACTTC,44.44,33.33,E-V-*,S-N-F,stop_loss,"transition,transversion","1,2,3"
230,239,936,945,9,0.889,reverse_complement,AGGTTTGAT,ATCAAACTT,33.33,22.22,R-F-D,I-K-L,nonsynonymous,transversion,"1,2,3"
231,240,935,944,9,0.889,reverse_complement,GGTTTGATA,TATCAAACT,33.33,22.22,G-L-I,Y-Q-T,nonsynonymous,"transition,transversion","1,2,3"
232,241,934,943,9,0.889,reverse_complement,GTTTGATAA,CTATCAAAC,22.22,33.33,V-*-*,L-S-N,stop_loss,transversion,"1,2,3"
233,242,377,386,9,0.889,reverse_complement,TTTGATAAC,GTTATTAAA,22.22,11.11,F-D-N,V-I-K,nonsynonymous,"transition,transversion","1,2,3"
235,244,799,808,9,0.889,reverse_complement,TGATAACCC,GGGTTATCT,44.44,44.44,*-*-P,G-L-S,stop_loss,"transition,transversion","1,2,3"
236,245,798,807,9,0.889,reverse_complement,GATAACCCT,TGGGTTATC,44.44,44.44,D-N-P,W-V-I,nonsynonymous,"transition,transversion","1,2,3"
237,246,545,554,9,0.889,reverse_complement,ATAACCCTG,CAGGGTAAT,44.44,44.44,I-T-L,Q-G-N,nonsynonymous,"transition,transversion","1,2,3"
237,246,650,659,9,0.889,reverse_complement,ATAACCCTG,CAGGGTTTT,44.44,44.44,I-T-L,Q-G-F,nonsynonymous,"transition,transversion","1,2,3"
238,247,544,553,9,0.889,reverse_complement,TAACCCTGT,ACAGGGTAA,44.44,44.44,*-P-C,T-G-*,nonsynonymous,"transition,transversion","1,2,3"
240,249,338,347,9,0.889,forward,ACCCTGTCC,ACCCAGTCC,66.67,66.67,T-L-S,T-Q-S,nonsynonymous,transversion,2
243,252,768,777,9,0.889,reverse_complement,CTGTCCTAC,GTTGGACAG,55.56,55.56,L-S-Y,V-G-Q,nonsynonymous,"transition,transversion","1,2,3"
244,253,767,776,9,0.889,reverse_complement,TGTCCTACC,GGTTGGACA,55.56,55.56,C-P-T,G-W-T,nonsynonymous,"transition,transversion","1,2,3"
245,254,956,965,9,0.889,forward,GTCCTACCA,GTCCAACCA,55.56,55.56,V-L-P,V-Q-P,nonsynonymous,transversion,2
253,262,832,841,9,0.889,forward,ATTTAATGA,ATATAATGA,11.11,11.11,I-*-*,I-*-*,synonymous,transversion,3
254,263,404,413,9,0.889,forward,TTTAATGAT,TGTAATGAT,11.11,22.22,F-N-D,C-N-D,nonsynonymous,transversion,2
256,265,586,595,9,0.889,forward,TAATGATGG,TATTGATGG,33.33,33.33,*-*-W,Y-*-W,nonsynonymous,transversion,3
257,266,587,596,9,0.889,forward,AATGATGGT,ATTGATGGT,33.33,33.33,N-D-G,I-D-G,nonsynonymous,transversion,2
262,271,421,430,9,0.889,forward,TGGTGTTTA,GGGTGTTTA,33.33,44.44,W-C-L,G-C-L,nonsynonymous,transversion,1
262,271,573,582,9,0.889,forward,TGGTGTTTA,TTGTGTTTA,33.33,22.22,W-C-L,L-C-L,nonsynonymous,transversion,2
263,272,422,431,9,1.0,forward,GGTGTTTAT,GGTGTTTAT,33.33,33.33,G-V-Y,G-V-Y,synonymous,none,none
264,273,423,432,9,1.0,forward,GTGTTTATT,GTGTTTATT,22.22,22.22,V-F-I,V-F-I,synonymous,none,none
264,273,471,480,9,0.889,forward,GTGTTTATT,GAGTTTATT,22.22,22.22,V-F-I,E-F-I,nonsynonymous,transversion,2
271,280,536,545,9,0.889,reverse_complement,TTTTGCTTC,GAAGGAAAA,33.33,33.33,F-C-F,E-G-K,nonsynonymous,transversion,"1,2,3"
286,295,978,987,9,0.889,reverse_complement,GAAGTCTAA,TTAGATTTC,33.33,22.22,E-V-*,L-D-F,stop_loss,"transition,transversion","1,2,3"
287,296,977,986,9,0.889,reverse_complement,AAGTCTAAC,GTTAGATTT,33.33,22.22,K-S-N,V-R-F,nonsynonymous,"transition,transversion","1,2,3"
288,297,976,985,9,0.889,reverse_complement,AGTCTAACA,TGTTAGATT,33.33,22.22,S-L-T,C-*-I,stop_gain,"transition,transversion","1,2,3"
293,302,791,800,9,0.889,reverse_complement,AACATAATA,TATTATGTG,11.11,22.22,N-I-I,Y-Y-V,nonsynonymous,"transition,transversion","1,2,3"
294,303,790,799,9,1.0,reverse_complement,ACATAATAA,TTATTATGT,11.11,11.11,T-*-*,L-L-C,stop_loss,"transition,transversion","1,2,3"
295,304,789,798,9,1.0,reverse_complement,CATAATAAG,CTTATTATG,22.22,22.22,H-N-K,L-I-M,nonsynonymous,transversion,2
296,305,788,797,9,0.889,reverse_complement,ATAATAAGA,GCTTATTAT,11.11,22.22,I-I-R,A-Y-Y,nonsynonymous,"transition,transversion","1,2,3"
301,310,515,524,9,0.889,reverse_complement,AAGAGGCTG,CAGCCTTTT,55.56,44.44,K-R-L,Q-P-F,nonsynonymous,"transition,transversion","1,2,3"
309,318,556,565,9,0.889,reverse_complement,GGATTTTTG,CAAAAATCT,33.33,22.22,G-F-L,Q-K-S,nonsynonymous,"transition,transversion","1,2,3"
310,319,414,423,9,0.889,forward,GATTTTTGG,CATTTTTGG,33.33,33.33,D-F-W,H-F-W,nonsynonymous,transversion,1
310,319,555,564,9,0.889,reverse_complement,GATTTTTGG,TCAAAAATC,33.33,22.22,D-F-W,S-K-I,nonsynonymous,transversion,"1,2,3"
311,320,415,424,9,0.889,forward,ATTTTTGGT,ATTTTTGGG,22.22,33.33,I-F-G,I-F-G,synonymous,transversion,3
312,321,431,440,9,0.889,reverse_complement,TTTTTGGTA,TACCACAAA,22.22,33.33,F-L-V,Y-H-K,nonsynonymous,"transition,transversion","1,2,3"
322,331,947,956,9,0.889,forward,TACTTTAGA,AACTTTAGA,22.22,22.22,Y-F-R,N-F-R,nonsynonymous,transversion,1
323,332,948,957,9,0.889,forward,ACTTTAGAT,ACTTTAGAG,22.22,33.33,T-L-D,T-L-E,nonsynonymous,transversion,3
324,333,949,958,9,0.889,forward,CTTTAGATT,CTTTAGAGT,22.22,33.33,L-*-I,L-*-S,nonsynonymous,transversion,2
325,334,950,959,9,0.889,forward,TTTAGATTC,TTTAGAGTC,22.22,33.33,F-R-F,F-R-V,nonsynonymous,transversion,1
348,357,687,696,9,0.889,reverse_complement,TACTTATTG,CAATAGGTA,22.22,33.33,Y-L-L,Q-*-V,stop_gain,"transition,transversion","1,2,3"
351,360,972,981,9,0.889,forward,TTATTGTTA,CTATTGTTA,11.11,22.22,L-L-L,L-L-L,synonymous,transition,1
352,361,579,588,9,0.889,reverse_complement,TATTGTTAA,TTAAGAATA,11.11,11.11,Y-C-*,L-R-I,stop_loss,transversion,"1,2,3"
352,361,973,982,9,0.889,forward,TATTGTTAA,TATTGTTAG,11.11,22.22,Y-C-*,Y-C-*,synonymous,transition,3
354,363,375,384,9,0.889,forward,TTGTTAATA,TTGTTATTA,11.11,11.11,L-L-I,L-L-L,nonsynonymous,transversion,1
354,363,694,703,9,0.889,reverse_complement,TTGTTAATA,TATTAACAT,11.11,11.11,L-L-I,Y-*-H,stop_gain,transversion,"1,2,3"
355,364,376,385,9,0.889,forward,TGTTAATAA,TGTTATTAA,11.11,11.11,C-*-*,C-Y-*,nonsynonymous,transversion,3
355,364,427,436,9,0.889,reverse_complement,TGTTAATAA,TTATTACCA,11.11,22.22,C-*-*,L-L-P,stop_loss,"transition,transversion","1,2,3"
355,364,693,702,9,0.889,reverse_complement,TGTTAATAA,GTATTAACA,11.11,22.22,C-*-*,V-L-T,stop_loss,transversion,"1,2,3"
356,365,377,386,9,0.889,reverse_complement,GTTAATAAC,GTTATTAAA,22.22,11.11,V-N-N,V-I-K,nonsynonymous,transversion,"2,3"
356,365,692,701,9,0.889,reverse_complement,GTTAATAAC,GGTATTAAC,22.22,33.33,V-N-N,G-I-N,nonsynonymous,transversion,2
357,366,376,385,9,0.889,reverse_complement,TTAATAACG,TGTTATTAA,22.22,11.11,L-I-T,C-Y-*,stop_gain,"transition,transversion","1,2,3"
366,375,672,681,9,0.889,reverse_complement,CTACTAATG,CATTGGTAG,33.33,44.44,L-L-M,H-W-*,stop_gain,"transition,transversion","1,2,3"
373,382,438,447,9,0.889,reverse_complement,TGTTGTTAT,AAAACAACA,22.22,22.22,C-C-Y,K-T-T,nonsynonymous,"transition,transversion","1,2,3"
374,383,437,446,9,0.889,reverse_complement,GTTGTTATT,AAAAACAAC,22.22,22.22,V-V-I,K-N-N,nonsynonymous,"transition,transversion","1,2,3"
379,388,825,834,9,0.889,forward,TATTAAAGT,TATTAAAAT,11.11,0.0,Y-*-S,Y-*-N,nonsynonymous,transition,2
382,391,469,478,9,0.889,reverse_complement,TAAAGTCTG,CAGAGTTTA,33.33,33.33,*-S-L,Q-S-L,stop_loss,transition,"1,3"
382,391,713,722,9,0.889,reverse_complement,TAAAGTCTG,CAAACTTTA,33.33,22.22,*-S-L,Q-T-L,stop_loss,"transition,transversion","1,2,3"
392,401,550,559,9,0.889,forward,GAATTTCAA,TAATTTCAA,22.22,11.11,E-F-Q,*-F-Q,stop_gain,transversion,1
392,401,905,914,9,0.889,reverse_complement,GAATTTCAA,TTGAAATCC,22.22,33.33,E-F-Q,L-K-S,nonsynonymous,"transition,transversion","1,2,3"
393,402,551,560,9,0.889,forward,AATTTCAAT,AATTTCAAA,11.11,11.11,N-F-N,N-F-K,nonsynonymous,transversion,3
396,405,840,849,9,0.889,reverse_complement,TTCAATTTT,AAAATGGAA,11.11,22.22,F-N-F,K-M-E,nonsynonymous,transversion,"1,2,3"
401,410,552,561,9,0.889,reverse_complement,TTTTGTAAT,ATTTCAAAA,11.11,11.11,F-C-N,I-S-K,nonsynonymous,transversion,"1,2,3"
402,411,850,859,9,0.889,reverse_complement,TTTGTAATG,CATTACAGA,22.22,33.33,F-V-M,H-Y-R,nonsynonymous,"transition,transversion","1,2,3"
404,413,848,857,9,0.889,reverse_complement,TGTAATGAT,ACCATTACA,22.22,33.33,C-N-D,T-I-T,nonsynonymous,"transition,transversion","1,2,3"
410,419,841,850,9,0.889,reverse_complement,GATCCATTT,AAATGGAAC,33.33,33.33,D-P-F,K-W-N,nonsynonymous,"transition,transversion","1,2,3"
411,420,840,849,9,0.889,reverse_complement,ATCCATTTT,AAAATGGAA,22.22,22.22,I-H-F,K-M-E,nonsynonymous,transversion,"1,2,3"
412,421,839,848,9,0.889,reverse_complement,TCCATTTTT,GAAAATGGA,22.22,33.33,S-I-F,E-N-G,nonsynonymous,transversion,"1,2,3"
423,432,471,480,9,0.889,forward,GTGTTTATT,GAGTTTATT,22.22,22.22,V-F-I,E-F-I,nonsynonymous,transversion,2
447,456,712,721,9,0.889,reverse_complement,AAAGTTGGA,TCAAACTTT,33.33,22.22,K-V-G,S-N-F,nonsynonymous,"transition,transversion","1,2,3"
447,456,944,953,9,0.889,reverse_complement,AAAGTTGGA,TCTAACTTT,33.33,22.22,K-V-G,S-N-F,nonsynonymous,"transition,transversion","1,2,3"
448,457,936,945,9,0.889,reverse_complement,AAGTTGGAT,ATCAAACTT,33.33,22.22,K-L-D,I-K-L,nonsynonymous,"transition,transversion","1,2,3"
450,459,958,967,9,0.889,reverse_complement,GTTGGATGG,CCAACCAAC,55.56,55.56,V-G-W,P-T-N,nonsynonymous,"transition,transversion","1,2,3"
451,460,957,966,9,0.889,reverse_complement,TTGGATGGA,TCCAACCAA,44.44,44.44,L-D-G,S-N-Q,nonsynonymous,"transition,transversion","1,2,3"
468,477,649,658,9,0.889,forward,TCAGAGTTT,TCAGGGTTT,33.33,44.44,S-E-F,S-G-F,nonsynonymous,transition,2
474,483,606,615,9,0.889,forward,TTTATTCTA,TATATTCTA,11.11,11.11,F-I-L,Y-I-L,nonsynonymous,transversion,2
479,488,631,640,9,0.889,forward,TCTAGTGCG,TTTAGTGCG,55.56,44.44,S-S-A,F-S-A,nonsynonymous,transition,2
497,506,554,563,9,0.889,reverse_complement,ACTTTTGAA,TTCAAAAAT,22.22,11.11,T-F-E,F-K-N,nonsynonymous,"transition,transversion","1,2,3"
500,509,607,616,9,0.889,reverse_complement,TTTGAATAT,ATATTCTAA,11.11,11.11,F-E-Y,I-F-*,stop_gain,transversion,"1,2,3"
509,518,882,891,9,0.889,forward,GTCTCTCAG,CTCTCTCAG,55.56,55.56,V-S-Q,L-S-Q,nonsynonymous,transversion,1
510,519,883,892,9,0.889,forward,TCTCTCAGC,TCTCTCAGA,55.56,44.44,S-L-S,S-L-R,nonsynonymous,transversion,3
517,526,817,826,9,0.889,forward,GCCTTTTCT,GACTTTTCT,44.44,33.33,A-F-S,D-F-S,nonsynonymous,transversion,2
523,532,562,571,9,0.889,forward,TCTTATGGA,TCTTAGGGA,33.33,44.44,S-Y-G,S-*-G,stop_gain,transversion,3
552,561,597,606,9,0.889,forward,ATTTCAAAA,ATTTTAAAA,11.11,0.0,I-S-K,I-L-K,nonsynonymous,transition,2
552,561,598,607,9,0.889,reverse_complement,ATTTCAAAA,TTTTAAAAT,11.11,0.0,I-S-K,F-*-N,stop_gain,transversion,"1,2,3"
560,569,986,995,9,0.889,reverse_complement,AATCTTAGG,CCTAATATT,33.33,22.22,N-L-R,P-N-I,nonsynonymous,transversion,"1,2,3"
564,573,982,991,9,0.889,reverse_complement,TTAGGGAAT,ATTTCCTAA,33.33,22.22,L-G-N,I-S-*,stop_gain,transversion,"1,2,3"
580,589,607,616,9,0.889,reverse_complement,TAAGAATAT,ATATTCTAA,11.11,11.11,*-E-Y,I-F-*,nonsynonymous,transversion,"1,2,3"
593,602,800,809,9,0.889,forward,GGTTATTTT,GGTTATCTT,22.22,33.33,G-Y-F,G-Y-L,nonsynonymous,transition,1
594,603,738,747,9,0.889,forward,GTTATTTTA,GTTATTTGA,11.11,22.22,V-I-L,V-I-*,stop_gain,transversion,2
604,613,968,977,9,0.889,reverse_complement,AATATATTC,GAATCTATT,11.11,22.22,N-I-F,E-S-I,nonsynonymous,"transition,transversion","1,2,3"
605,614,967,976,9,0.889,reverse_complement,ATATATTCT,AGAATCTAT,11.11,22.22,I-Y-S,R-I-Y,nonsynonymous,"transition,transversion","1,2,3"
606,615,828,837,9,0.889,reverse_complement,TATATTCTA,TAAAATATA,11.11,0.0,Y-I-L,*-N-I,stop_gain,transversion,"1,2,3"
607,616,827,836,9,0.889,reverse_complement,ATATTCTAA,TTAAAATAT,11.11,0.0,I-F-*,L-K-Y,stop_loss,transversion,"1,2,3"
644,653,882,891,9,0.889,forward,CTCCCTCAG,CTCTCTCAG,66.67,55.56,L-P-Q,L-S-Q,nonsynonymous,transition,1
666,675,844,853,9,0.889,forward,TAGAACCAT,TGGAACCAT,33.33,44.44,*-N-H,W-N-H,stop_loss,transition,2
667,676,845,854,9,0.889,forward,AGAACCATT,GGAACCATT,33.33,44.44,R-T-I,G-T-I,nonsynonymous,transition,1
668,677,846,855,9,0.889,forward,GAACCATTG,GAACCATTA,44.44,33.33,E-P-L,E-P-L,synonymous,transition,3
673,682,974,983,9,0.889,forward,ATTGGTAGA,ATTGTTAGA,33.33,22.22,I-G-R,I-V-R,nonsynonymous,transversion,2
674,683,932,941,9,0.889,reverse_complement,TTGGTAGAT,ATCTATCAA,33.33,22.22,L-V-D,I-Y-Q,nonsynonymous,transversion,"1,2,3"
674,683,975,984,9,0.889,forward,TTGGTAGAT,TTGTTAGAT,33.33,22.22,L-V-D,L-L-D,nonsynonymous,transversion,1
675,684,931,940,9,0.889,reverse_complement,TGGTAGATT,AATCTATCA,33.33,22.22,W-*-I,N-L-S,stop_loss,"transition,transversion","1,2,3"
675,684,976,985,9,0.889,forward,TGGTAGATT,TGTTAGATT,33.33,22.22,W-*-I,C-*-I,nonsynonymous,transversion,3
676,685,977,986,9,0.889,forward,GGTAGATTT,GTTAGATTT,33.33,22.22,G-R-F,V-R-F,nonsynonymous,transversion,2
678,687,979,988,9,0.889,forward,TAGATTTGC,TAGATTTCC,33.33,33.33,*-I-C,*-I-S,nonsynonymous,transversion,2
694,703,825,834,9,0.889,forward,TATTAACAT,TATTAAAAT,11.11,0.0,Y-*-H,Y-*-N,nonsynonymous,transversion,1
701,710,749,758,9,0.889,reverse_complement,ATCACTAGG,CCTGGTGAT,44.44,55.56,I-T-R,P-G-D,nonsynonymous,"transition,transversion","1,2,3"
710,719,935,944,9,0.889,forward,TTTCAAACT,TATCAAACT,22.22,22.22,F-Q-T,Y-Q-T,nonsynonymous,transversion,2
711,720,936,945,9,0.889,forward,TTCAAACTT,ATCAAACTT,22.22,22.22,F-K-L,I-K-L,nonsynonymous,transversion,1
711,720,943,952,9,0.889,forward,TTCAAACTT,TTCTAACTT,22.22,22.22,F-K-L,F-*-L,stop_gain,transversion,1
712,721,937,946,9,0.889,forward,TCAAACTTT,TCAAACTTC,22.22,33.33,S-N-F,S-N-F,synonymous,transition,3
712,721,944,953,9,0.889,forward,TCAAACTTT,TCTAACTTT,22.22,22.22,S-N-F,S-N-F,synonymous,transversion,3
713,722,945,954,9,0.889,forward,CAAACTTTA,CTAACTTTA,22.22,22.22,Q-T-L,L-T-L,nonsynonymous,transversion,2
732,741,940,949,9,0.889,reverse_complement,ATAGAAGTT,AACTTCTAA,22.22,22.22,I-E-V,N-F-*,stop_gain,transversion,"1,2,3"
733,742,939,948,9,0.889,reverse_complement,TAGAAGTTA,AAACTTCTA,22.22,22.22,*-K-L,K-L-L,stop_loss,"transition,transversion","1,2,3"
766,775,956,965,9,0.889,reverse_complement,AGGTTGGAC,GTCCAACCA,55.56,55.56,R-L-D,V-Q-P,nonsynonymous,"transition,transversion","1,2,3"
767,776,955,964,9,0.889,reverse_complement,GGTTGGACA,AGTCCAACC,55.56,55.56,G-W-T,S-P-T,nonsynonymous,"transition,transversion","1,2,3"
807,816,901,910,9,0.889,reverse_complement,TTCAACCTA,TACGTTGAA,33.33,33.33,F-N-L,Y-V-E,nonsynonymous,"transition,transversion","1,2,3"
823,832,933,942,9,0.889,forward,TCTATTAAA,TCTATCAAA,11.11,22.22,S-I-K,S-I-K,synonymous,transition,3
839,848,923,932,9,0.889,forward,GAAAATGGA,GAAAAAGGA,33.33,33.33,E-N-G,E-K-G,nonsynonymous,transversion,3
840,849,924,933,9,0.889,forward,AAAATGGAA,AAAAAGGAA,22.22,22.22,K-M-E,K-K-E,nonsynonymous,transversion,2
856,865,965,974,9,0.889,reverse_complement,AGATGCTGT,ACAGAATCT,44.44,33.33,R-C-C,T-E-S,nonsynonymous,"transition,transversion","1,2,3"
929,938,967,976,9,0.889,forward,GGAATCTAT,AGAATCTAT,33.33,22.22,G-I-Y,R-I-Y,nonsynonymous,transition,1
930,939,968,977,9,0.889,forward,GAATCTATC,GAATCTATT,33.33,22.22,E-S-I,E-S-I,synonymous,transition,3
931,940,976,985,9,0.889,reverse_complement,AATCTATCA,TGTTAGATT,22.22,22.22,N-L-S,C-*-I,stop_gain,"transition,transversion","1,2,3"
932,941,975,984,9,0.889,reverse_complement,ATCTATCAA,TTGTTAGAT,22.22,22.22,I-Y-Q,L-L-D,nonsynonymous,transversion,"1,2,3"
0,12,265,277,12,0.833,forward,TGTTTGTTTTTC,TGTTTATTTTGC,25.0,25.0,C-L-F-F,C-L-F-C,nonsynonymous,"transition,transversion","2,3"
1,13,266,278,12,0.833,forward,GTTTGTTTTTCT,GTTTATTTTGCT,25.0,25.0,V-C-F-S,V-Y-F-A,nonsynonymous,"transition,transversion","1,2"
3,15,433,445,12,0.833,reverse_complement,TTGTTTTTCTTG,CCACAAAAACAA,25.0,33.33,L-F-F-L,P-Q-K-Q,nonsynonymous,"transition,transversion","1,2,3"
3,15,436,448,12,0.833,reverse_complement,TTGTTTTTCTTG,CAAAAACAACAA,25.0,25.0,L-F-F-L,Q-K-Q-Q,nonsynonymous,"transition,transversion","1,2,3"
4,16,432,444,12,0.833,reverse_complement,TGTTTTTCTTGT,ACCACAAAAACA,25.0,33.33,C-F-S-C,T-T-K-T,nonsynonymous,"transition,transversion","1,2,3"
4,16,435,447,12,0.833,reverse_complement,TGTTTTTCTTGT,ACAAAAACAACA,25.0,25.0,C-F-S-C,T-K-T-T,nonsynonymous,transversion,"1,2,3"
8,20,437,449,12,0.833,reverse_complement,TTTCTTGTTTTA,AAAAACAACAAA,16.67,16.67,F-L-V-L,K-N-N-K,nonsynonymous,"transition,transversion","1,2,3"
8,20,719,731,12,0.833,forward,TTTCTTGTTTTA,TTACTTGCTTTA,16.67,25.0,F-L-V-L,L-L-A-L,nonsynonymous,"transition,transversion","2,3"
15,27,425,437,12,0.833,forward,TTTTATTGCCAC,GTTTATTACCAC,33.33,33.33,F-Y-C-H,V-Y-Y-H,nonsynonymous,"transition,transversion","1,2"
16,28,426,438,12,0.833,forward,TTTATTGCCACT,TTTATTACCACA,33.33,25.0,F-I-A-T,F-I-T-T,nonsynonymous,"transition,transversion","1,3"
17,29,427,439,12,0.833,forward,TTATTGCCACTA,TTATTACCACAA,33.33,25.0,L-L-P-L,L-L-P-Q,nonsynonymous,"transition,transversion","2,3"
17,29,481,493,12,0.833,reverse_complement,TTATTGCCACTA,TAGTGCGAATAA,33.33,33.33,L-L-P-L,*-C-E-*,stop_gain,"transition,transversion","1,2,3"
18,30,480,492,12,0.833,reverse_complement,TATTGCCACTAG,CTAGTGCGAATA,41.67,41.67,Y-C-H-*,L-V-R-I,stop_loss,"transition,transversion","1,2,3"
37,49,696,708,12,0.833,reverse_complement,TCAGTGTGTTAA,TTAACATCACTA,33.33,25.0,S-V-C-*,L-T-S-L,stop_loss,"transition,transversion","1,2,3"
38,50,695,707,12,0.833,reverse_complement,CAGTGTGTTAAT,ATTAACATCACT,33.33,25.0,Q-C-V-N,I-N-I-T,nonsynonymous,"transition,transversion","1,2,3"
39,51,695,707,12,0.833,reverse_complement,AGTGTGTTAATC,ATTAACATCACT,33.33,25.0,S-V-L-I,I-N-I-T,nonsynonymous,"transition,transversion","1,2,3"
45,57,987,999,12,0.833,forward,TTAATCTTACAA,CTAATATTACAA,16.67,16.67,L-I-L-Q,L-I-L-Q,synonymous,"transition,transversion","1,3"
48,60,804,816,12,0.833,forward,ATCTTACAACCA,ATCTTCAACCTA,33.33,33.33,I-L-Q-P,I-F-N-L,nonsynonymous,"transition,transversion","1,2,3"
49,61,805,817,12,0.833,forward,TCTTACAACCAG,TCTTCAACCTAG,41.67,41.67,S-Y-N-Q,S-S-T-*,stop_gain,"transition,transversion","1,2,3"
56,68,743,755,12,0.833,reverse_complement,ACCAGAACTCAA,TTGACTCCTGGT,41.67,50.0,T-R-T-Q,L-T-P-G,nonsynonymous,"transition,transversion","1,2,3"
58,70,460,472,12,0.833,reverse_complement,CAGAACTCAATT,AAGTGAGTTCAG,33.33,41.67,Q-N-S-I,K-*-V-Q,stop_gain,"transition,transversion","1,2,3"
60,72,458,470,12,0.833,reverse_complement,GAACTCAATTAC,GAAAGTGAGTTC,33.33,41.67,E-L-N-Y,E-S-E-F,nonsynonymous,"transition,transversion","1,2,3"
61,73,457,469,12,0.833,reverse_complement,AACTCAATTACC,GGAAAGTGAGTT,33.33,41.67,N-S-I-T,G-K-*-V,stop_gain,"transition,transversion","1,2,3"
79,91,569,581,12,0.833,reverse_complement,ATACACTAATTC,GAATTTGTGTTT,25.0,25.0,I-H-*-F,E-F-V-F,stop_loss,"transition,transversion","1,2,3"
87,99,575,587,12,0.833,reverse_complement,ATTCTTTCACAC,GTGTTTAAGAAT,33.33,25.0,I-L-S-H,V-F-K-N,nonsynonymous,"transition,transversion","1,2,3"
98,110,260,272,12,0.833,forward,CGTGGTGTTTAT,GATGGTGTTTAT,41.67,33.33,R-G-V-Y,D-G-V-Y,nonsynonymous,"transition,transversion","1,2"
99,111,260,272,12,0.833,forward,GTGGTGTTTATT,GATGGTGTTTAT,33.33,33.33,V-V-F-I,D-G-V-Y,nonsynonymous,transversion,"1,2,3"
99,111,261,273,12,0.917,forward,GTGGTGTTTATT,ATGGTGTTTATT,33.33,25.0,V-V-F-I,M-V-F-I,nonsynonymous,transition,1
99,111,262,274,12,0.833,forward,GTGGTGTTTATT,TGGTGTTTATTT,33.33,25.0,V-V-F-I,W-C-L-F,nonsynonymous,transversion,"1,2,3"
99,111,420,432,12,0.833,forward,GTGGTGTTTATT,TGGGTGTTTATT,33.33,33.33,V-V-F-I,W-V-F-I,nonsynonymous,transversion,"1,2"
99,111,421,433,12,0.833,forward,GTGGTGTTTATT,GGGTGTTTATTA,33.33,33.33,V-V-F-I,G-C-L-L,nonsynonymous,transversion,"1,2,3"
100,112,261,273,12,0.833,forward,TGGTGTTTATTA,ATGGTGTTTATT,25.0,25.0,W-C-L-L,M-V-F-I,nonsynonymous,transversion,"1,2,3"
100,112,262,274,12,0.917,forward,TGGTGTTTATTA,TGGTGTTTATTT,25.0,25.0,W-C-L-L,W-C-L-F,nonsynonymous,transversion,3
100,112,420,432,12,0.833,forward,TGGTGTTTATTA,TGGGTGTTTATT,25.0,33.33,W-C-L-L,W-V-F-I,nonsynonymous,transversion,"1,2,3"
100,112,421,433,12,0.917,forward,TGGTGTTTATTA,GGGTGTTTATTA,25.0,33.33,W-C-L-L,G-C-L-L,nonsynonymous,transversion,1
100,112,422,434,12,0.833,forward,TGGTGTTTATTA,GGTGTTTATTAC,25.0,33.33,W-C-L-L,G-V-Y-Y,nonsynonymous,transversion,"1,2,3"
101,113,263,275,12,0.833,forward,GGTGTTTATTAC,GGTGTTTATTTT,33.33,25.0,G-V-Y-Y,G-V-Y-F,nonsynonymous,"transition,transversion","2,3"
101,113,421,433,12,0.833,forward,GGTGTTTATTAC,GGGTGTTTATTA,33.33,33.33,G-V-Y-Y,G-C-L-L,nonsynonymous,transversion,"1,2,3"
101,113,422,434,12,1.0,forward,GGTGTTTATTAC,GGTGTTTATTAC,33.33,33.33,G-V-Y-Y,G-V-Y-Y,synonymous,none,none
101,113,423,435,12,0.833,forward,GGTGTTTATTAC,GTGTTTATTACC,33.33,33.33,G-V-Y-Y,V-F-I-T,nonsynonymous,transversion,"1,2,3"
102,114,422,434,12,0.833,forward,GTGTTTATTACC,GGTGTTTATTAC,33.33,33.33,V-F-I-T,G-V-Y-Y,nonsynonymous,transversion,"1,2,3"
102,114,423,435,12,1.0,forward,GTGTTTATTACC,GTGTTTATTACC,33.33,33.33,V-F-I-T,V-F-I-T,synonymous,none,none
102,114,424,436,12,0.833,forward,GTGTTTATTACC,TGTTTATTACCA,33.33,25.0,V-F-I-T,C-L-L-P,nonsynonymous,transversion,"1,2,3"
103,115,423,435,12,0.833,forward,TGTTTATTACCC,GTGTTTATTACC,33.33,33.33,C-L-L-P,V-F-I-T,nonsynonymous,transversion,"1,2,3"
103,115,424,436,12,0.917,forward,TGTTTATTACCC,TGTTTATTACCA,33.33,25.0,C-L-L-P,C-L-L-P,synonymous,transversion,3
103,115,425,437,12,0.833,forward,TGTTTATTACCC,GTTTATTACCAC,33.33,33.33,C-L-L-P,V-Y-Y-H,nonsynonymous,transversion,"1,2,3"
104,116,425,437,12,0.833,forward,GTTTATTACCCT,GTTTATTACCAC,33.33,33.33,V-Y-Y-P,V-Y-Y-H,nonsynonymous,"transition,transversion","2,3"
105,117,234,246,12,0.833,forward,TTTATTACCCTG,TTGATAACCCTG,33.33,41.67,F-I-T-L,L-I-T-L,nonsynonymous,transversion,3
139,151,450,462,12,0.833,reverse_complement,TTTACATTCAAC,GTTGGATGGAAA,25.0,41.67,F-T-F-N,V-G-W-K,nonsynonymous,"transition,transversion","1,2,3"
140,152,449,461,12,0.833,reverse_complement,TTACATTCAACT,AGTTGGATGGAA,25.0,41.67,L-H-S-T,S-W-M-E,nonsynonymous,"transition,transversion","1,2,3"
145,157,807,819,12,0.833,forward,TTCAACTCAGGA,TTCAACCTAGGA,41.67,41.67,F-N-S-G,F-N-L-G,nonsynonymous,transition,"1,2"
146,158,808,820,12,0.833,forward,TCAACTCAGGAC,TCAACCTAGGAC,50.0,50.0,S-T-Q-D,S-T-*-D,stop_gain,transition,"1,3"
147,159,809,821,12,0.833,forward,CAACTCAGGACT,CAACCTAGGACT,50.0,50.0,Q-L-R-T,Q-P-R-T,nonsynonymous,transition,"2,3"
148,160,810,822,12,0.833,forward,AACTCAGGACTT,AACCTAGGACTT,41.67,41.67,N-S-G-L,N-L-G-L,nonsynonymous,transition,"1,2"
152,164,813,825,12,0.833,forward,CAGGACTTGTTC,CTAGGACTTTTC,50.0,41.67,Q-D-L-F,L-G-L-F,nonsynonymous,"transition,transversion","1,2,3"
153,165,814,826,12,0.833,forward,AGGACTTGTTCT,TAGGACTTTTCT,41.67,33.33,R-T-C-S,*-D-F-S,stop_gain,"transition,transversion","1,2,3"
153,165,815,827,12,0.833,forward,AGGACTTGTTCT,AGGACTTTTCTA,41.67,33.33,R-T-C-S,R-T-F-L,nonsynonymous,"transition,transversion","1,2,3"
154,166,335,347,12,0.833,reverse_complement,GGACTTGTTCTT,AAGACCCAGTCC,41.67,58.33,G-L-V-L,K-T-Q-S,nonsynonymous,"transition,transversion","1,2,3"
154,166,816,828,12,0.833,forward,GGACTTGTTCTT,GGACTTTTCTAT,41.67,33.33,G-L-V-L,G-L-F-Y,nonsynonymous,"transition,transversion","1,2,3"
176,188,215,227,12,0.833,forward,TCCAATGTTACT,ACCAATGGTACT,33.33,41.67,S-N-V-T,T-N-G-T,nonsynonymous,transversion,"1,2"
177,189,216,228,12,0.833,forward,CCAATGTTACTT,CCAATGGTACTA,33.33,41.67,P-M-L-L,P-M-V-L,nonsynonymous,transversion,"1,3"
188,200,840,852,12,0.833,reverse_complement,TGGTTCCATGCT,AAAATGGAACCA,50.0,33.33,W-F-H-A,K-M-E-P,nonsynonymous,"transition,transversion","1,2,3"
194,206,722,734,12,0.833,forward,CATGCTATACAT,CTTGCTTTACAT,33.33,33.33,H-A-I-H,L-A-L-H,nonsynonymous,transversion,"1,2"
213,225,668,680,12,0.833,forward,GGACCAATGGTA,GAACCATTGGTA,50.0,41.67,G-P-M-V,E-P-L-V,nonsynonymous,"transition,transversion","1,2"
214,226,668,680,12,0.833,reverse_complement,GACCAATGGTAC,GAACCATTGGTA,50.0,41.67,D-Q-W-Y,E-P-L-V,nonsynonymous,transversion,"1,2,3"
215,227,667,679,12,0.917,reverse_complement,ACCAATGGTACT,AGAACCATTGGT,41.67,41.67,T-N-G-T,R-T-I-G,nonsynonymous,"transition,transversion","1,2,3"
216,228,666,678,12,0.917,reverse_complement,CCAATGGTACTA,TAGAACCATTGG,41.67,41.67,P-M-V-L,*-N-H-W,stop_gain,"transition,transversion","1,2,3"
217,229,665,677,12,0.917,reverse_complement,CAATGGTACTAA,TTAGAACCATTG,33.33,33.33,Q-W-Y-*,L-E-P-L,stop_loss,"transition,transversion","1,2,3"
218,230,664,676,12,0.833,reverse_complement,AATGGTACTAAG,TTTAGAACCATT,33.33,25.0,N-G-T-K,F-R-T-I,nonsynonymous,"transition,transversion","1,2,3"
223,235,297,309,12,0.833,forward,TACTAAGAGGTT,TAATAAGAGGCT,33.33,33.33,Y-*-E-V,*-*-E-A,nonsynonymous,"transition,transversion","2,3"
225,237,556,568,12,0.833,reverse_complement,CTAAGAGGTTTG,CAAAAATCTTAG,41.67,25.0,L-R-G-L,Q-K-S-*,stop_gain,"transition,transversion","1,2"
226,238,300,312,12,0.833,forward,TAAGAGGTTTGA,TAAGAGGCTGGA,33.33,50.0,*-E-V-*,*-E-A-G,nonsynonymous,"transition,transversion","1,2"
226,238,555,567,12,0.833,reverse_complement,TAAGAGGTTTGA,TCAAAAATCTTA,33.33,16.67,*-E-V-*,S-K-I-L,stop_loss,"transition,transversion","1,2,3"
226,238,937,949,12,0.833,reverse_complement,TAAGAGGTTTGA,TCAAACTTCTAA,33.33,25.0,*-E-V-*,S-N-F-*,nonsynonymous,"transition,transversion","1,2,3"
227,239,301,313,12,0.833,forward,AAGAGGTTTGAT,AAGAGGCTGGAT,33.33,50.0,K-R-F-D,K-R-L-D,nonsynonymous,"transition,transversion","1,3"
227,239,936,948,12,0.833,reverse_complement,AAGAGGTTTGAT,ATCAAACTTCTA,33.33,25.0,K-R-F-D,I-K-L-L,nonsynonymous,"transition,transversion","1,2,3"
228,240,935,947,12,0.917,reverse_complement,AGAGGTTTGATA,TATCAAACTTCT,33.33,25.0,R-G-L-I,Y-Q-T-S,nonsynonymous,"transition,transversion","1,2,3"
229,241,934,946,12,0.833,reverse_complement,GAGGTTTGATAA,CTATCAAACTTC,33.33,33.33,E-V-*-*,L-S-N-F,stop_loss,"transition,transversion","1,2,3"
261,273,420,432,12,0.833,forward,ATGGTGTTTATT,TGGGTGTTTATT,25.0,33.33,M-V-F-I,W-V-F-I,nonsynonymous,transversion,"1,2"
262,274,420,432,12,0.833,forward,TGGTGTTTATTT,TGGGTGTTTATT,25.0,33.33,W-C-L-F,W-V-F-I,nonsynonymous,transversion,"1,2,3"
262,274,421,433,12,0.833,forward,TGGTGTTTATTT,GGGTGTTTATTA,25.0,33.33,W-C-L-F,G-C-L-L,nonsynonymous,transversion,"1,3"
262,274,589,601,12,0.833,forward,TGGTGTTTATTT,TGATGGTTATTT,25.0,25.0,W-C-L-F,*-W-L-F,stop_gain,"transition,transversion",3
263,275,422,434,12,0.833,forward,GGTGTTTATTTT,GGTGTTTATTAC,25.0,33.33,G-V-Y-F,G-V-Y-Y,nonsynonymous,"transition,transversion","2,3"
263,275,590,602,12,0.833,forward,GGTGTTTATTTT,GATGGTTATTTT,25.0,25.0,G-V-Y-F,D-G-Y-F,nonsynonymous,"transition,transversion",2
276,288,913,925,12,0.833,forward,CTTCCACTGAGA,CTTCACTGTAGA,50.0,41.67,L-P-L-R,L-H-C-R,nonsynonymous,"transition,transversion","1,2,3"
277,289,478,490,12,0.833,reverse_complement,TTCCACTGAGAA,TTCTAGTGCGAA,41.67,41.67,F-H-*-E,F-*-C-E,nonsynonymous,"transition,transversion","1,3"
277,289,914,926,12,0.833,forward,TTCCACTGAGAA,TTCACTGTAGAA,41.67,33.33,F-H-*-E,F-T-V-E,stop_loss,"transition,transversion","1,2,3"
285,297,976,988,12,0.833,reverse_complement,AGAAGTCTAACA,TGTTAGATTTCC,33.33,33.33,R-S-L-T,C-*-I-S,stop_gain,"transition,transversion","1,2,3"
286,298,975,987,12,0.833,reverse_complement,GAAGTCTAACAT,TTGTTAGATTTC,33.33,25.0,E-V-*-H,L-L-D-F,stop_loss,"transition,transversion","1,2,3"
287,299,973,985,12,0.833,reverse_complement,AAGTCTAACATA,TATTGTTAGATT,25.0,16.67,K-S-N-I,Y-C-*-I,stop_gain,transversion,"1,2,3"
291,303,790,802,12,0.833,reverse_complement,CTAACATAATAA,TTATTATGTGGG,16.67,33.33,L-T-*-*,L-L-C-G,stop_loss,"transition,transversion","1,2,3"
292,304,789,801,12,0.833,reverse_complement,TAACATAATAAG,CTTATTATGTGG,16.67,33.33,*-H-N-K,L-I-M-W,stop_loss,"transition,transversion","1,2,3"
293,305,788,800,12,0.833,reverse_complement,AACATAATAAGA,GCTTATTATGTG,16.67,33.33,N-I-I-R,A-Y-Y-V,nonsynonymous,"transition,transversion","1,2,3"
294,306,787,799,12,0.833,reverse_complement,ACATAATAAGAG,AGCTTATTATGT,25.0,25.0,T-*-*-E,S-L-L-C,stop_loss,"transition,transversion","1,2,3"
295,307,518,530,12,0.833,reverse_complement,CATAATAAGAGG,CCTTTTCTTATG,33.33,33.33,H-N-K-R,P-F-L-M,nonsynonymous,transversion,"1,2,3"
295,307,786,798,12,0.833,reverse_complement,CATAATAAGAGG,CAGCTTATTATG,33.33,33.33,H-N-K-R,Q-L-I-M,nonsynonymous,transversion,"1,2,3"
296,308,517,529,12,0.833,reverse_complement,ATAATAAGAGGC,GCCTTTTCTTAT,33.33,33.33,I-I-R-G,A-F-S-Y,nonsynonymous,"transition,transversion","1,2,3"
296,308,785,797,12,0.833,reverse_complement,ATAATAAGAGGC,GCAGCTTATTAT,33.33,33.33,I-I-R-G,A-A-Y-Y,nonsynonymous,"transition,transversion","1,2,3"
297,309,516,528,12,0.833,reverse_complement,TAATAAGAGGCT,AGCCTTTTCTTA,33.33,33.33,*-*-E-A,S-L-F-L,stop_loss,"transition,transversion","1,2,3"
298,310,515,527,12,0.833,reverse_complement,AATAAGAGGCTG,CAGCCTTTTCTT,41.67,41.67,N-K-R-L,Q-P-F-L,nonsynonymous,transversion,"1,2,3"
312,324,428,440,12,0.833,reverse_complement,TTTTTGGTACTA,TATTACCACAAA,25.0,25.0,F-L-V-L,Y-Y-H-K,nonsynonymous,transversion,"1,2,3"
319,331,944,956,12,0.833,forward,TACTACTTTAGA,TCTAACTTTAGA,25.0,25.0,Y-Y-F-R,S-N-F-R,nonsynonymous,"transition,transversion","1,2,3"
322,334,947,959,12,0.833,forward,TACTTTAGATTC,AACTTTAGAGTC,25.0,33.33,Y-F-R-F,N-F-R-V,nonsynonymous,transversion,1
323,335,948,960,12,0.833,forward,ACTTTAGATTCG,ACTTTAGAGTCC,33.33,41.67,T-L-D-S,T-L-E-S,nonsynonymous,transversion,3
324,336,949,961,12,0.833,forward,CTTTAGATTCGA,CTTTAGAGTCCA,33.33,41.67,L-*-I-R,L-*-S-P,nonsynonymous,transversion,2
325,337,950,962,12,0.833,forward,TTTAGATTCGAA,TTTAGAGTCCAA,25.0,33.33,F-R-F-E,F-R-V-Q,nonsynonymous,transversion,1
350,362,972,984,12,0.833,forward,CTTATTGTTAAT,CTATTGTTAGAT,16.67,25.0,L-I-V-N,L-L-L-D,nonsynonymous,"transition,transversion","1,3"
351,363,825,837,12,0.833,reverse_complement,TTATTGTTAATA,TATTAAAATATA,8.33,0.0,L-L-L-I,Y-*-N-I,stop_gain,"transition,transversion","1,2,3"
352,364,373,385,12,0.833,forward,TATTGTTAATAA,TGTTGTTATTAA,8.33,16.67,Y-C-*-*,C-C-Y-*,nonsynonymous,"transition,transversion","2,3"
352,364,823,835,12,0.833,reverse_complement,TATTGTTAATAA,TCTATTAAAATA,8.33,8.33,Y-C-*-*,S-I-K-I,stop_loss,transversion,"1,2"
354,366,375,387,12,0.833,forward,TTGTTAATAACG,TTGTTATTAAAG,25.0,16.67,L-L-I-T,L-L-L-K,nonsynonymous,transversion,"1,2"
368,380,440,452,12,0.833,reverse_complement,ACTAATGTTGTT,AACAACAAAAGT,25.0,25.0,T-N-V-V,N-N-K-S,nonsynonymous,"transition,transversion","1,2,3"
369,381,697,709,12,0.833,reverse_complement,CTAATGTTGTTA,TAACATCACTAG,25.0,33.33,L-M-L-L,*-H-H-*,stop_gain,"transition,transversion","1,2,3"
393,405,491,503,12,0.833,forward,AATTTCAATTTT,AATTGCACTTTT,8.33,25.0,N-F-N-F,N-C-T-F,nonsynonymous,transversion,2
394,406,492,504,12,0.833,forward,ATTTCAATTTTG,ATTGCACTTTTG,16.67,33.33,I-S-I-L,I-A-L-L,nonsynonymous,transversion,1
448,460,933,945,12,0.833,reverse_complement,AAGTTGGATGGA,TCTATCAAACTT,41.67,25.0,K-L-D-G,S-I-K-L,nonsynonymous,"transition,transversion","1,2,3"
465,477,939,951,12,0.833,reverse_complement,AGTTCAGAGTTT,AAACTTCTAACT,33.33,25.0,S-S-E-F,K-L-L-T,nonsynonymous,"transition,transversion","1,2,3"
475,487,627,639,12,0.833,forward,TTATTCTAGTGC,TTAATTTAGTGC,33.33,25.0,L-F-*-C,L-I-*-C,nonsynonymous,"transition,transversion","1,3"
476,488,628,640,12,0.833,forward,TATTCTAGTGCG,TAATTTAGTGCG,41.67,33.33,Y-S-S-A,*-F-S-A,stop_gain,"transition,transversion","2,3"
548,560,593,605,12,0.833,forward,GGTAATTTCAAA,GGTTATTTTAAA,25.0,16.67,G-N-F-K,G-Y-F-K,nonsynonymous,"transition,transversion","1,3"
549,561,594,606,12,0.833,forward,GTAATTTCAAAA,GTTATTTTAAAA,16.67,8.33,V-I-S-K,V-I-L-K,nonsynonymous,"transition,transversion","2,3"
555,567,580,592,12,0.833,reverse_complement,TCAAAAATCTTA,TAAGAATATTGA,16.67,16.67,S-K-I-L,*-E-Y-*,stop_gain,"transition,transversion","1,2,3"
557,569,812,824,12,0.833,reverse_complement,AAAAATCTTAGG,CCTAGGACTTTT,25.0,41.67,K-N-L-R,P-R-T-F,nonsynonymous,"transition,transversion","1,2,3"
560,572,983,995,12,0.833,reverse_complement,AATCTTAGGGAA,TTTCCTAATATT,33.33,16.67,N-L-R-E,F-P-N-I,nonsynonymous,"transition,transversion","1,2,3"
561,573,982,994,12,0.833,reverse_complement,ATCTTAGGGAAT,ATTTCCTAATAT,33.33,16.67,I-L-G-N,I-S-*-Y,stop_gain,"transition,transversion","1,2,3"
578,590,599,611,12,0.833,forward,TTTAAGAATATT,TTTAAAATATAT,8.33,0.0,F-K-N-I,F-K-I-Y,nonsynonymous,"transition,transversion","1,2,3"
593,605,800,812,12,0.833,forward,GGTTATTTTAAA,GGTTATCTTCAA,16.67,33.33,G-Y-F-K,G-Y-L-Q,nonsynonymous,"transition,transversion",1
601,613,828,840,12,0.833,forward,TAAAATATATTC,TAAAATATAATG,8.33,8.33,*-N-I-F,*-N-I-M,nonsynonymous,transversion,"1,3"
602,614,967,979,12,0.833,reverse_complement,AAAATATATTCT,AGAATCTATTGT,8.33,25.0,K-I-Y-S,R-I-Y-C,nonsynonymous,"transition,transversion","2,3"
603,615,733,745,12,0.833,reverse_complement,AAATATATTCTA,TAGAAGTTATTT,8.33,16.67,K-Y-I-L,*-K-L-F,stop_gain,"transition,transversion","1,3"
604,616,827,839,12,0.833,reverse_complement,AATATATTCTAA,TTAAAATATAAT,8.33,0.0,N-I-F-*,L-K-Y-N,stop_loss,"transition,transversion","1,2,3"
671,683,972,984,12,0.833,forward,CCATTGGTAGAT,CTATTGTTAGAT,41.67,25.0,P-L-V-D,L-L-L-D,nonsynonymous,"transition,transversion","1,2"
672,684,973,985,12,0.833,forward,CATTGGTAGATT,TATTGTTAGATT,33.33,16.67,H-W-*-I,Y-C-*-I,nonsynonymous,"transition,transversion","1,3"
673,685,974,986,12,0.917,forward,ATTGGTAGATTT,ATTGTTAGATTT,25.0,16.67,I-G-R-F,I-V-R-F,nonsynonymous,transversion,2
674,686,975,987,12,0.833,forward,TTGGTAGATTTG,TTGTTAGATTTC,33.33,25.0,L-V-D-L,L-L-D-F,nonsynonymous,transversion,"1,3"
675,687,976,988,12,0.833,forward,TGGTAGATTTGC,TGTTAGATTTCC,41.67,33.33,W-*-I-C,C-*-I-S,nonsynonymous,transversion,"2,3"
678,690,979,991,12,0.833,forward,TAGATTTGCCAA,TAGATTTCCTAA,33.33,25.0,*-I-C-Q,*-I-S-*,nonsynonymous,"transition,transversion","1,2"
679,691,980,992,12,0.833,forward,AGATTTGCCAAT,AGATTTCCTAAT,33.33,25.0,R-F-A-N,R-F-P-N,nonsynonymous,"transition,transversion","1,3"
680,692,981,993,12,0.833,forward,GATTTGCCAATA,GATTTCCTAATA,33.33,25.0,D-L-P-I,D-F-L-I,nonsynonymous,"transition,transversion","2,3"
710,722,942,954,12,0.833,forward,TTTCAAACTTTA,CTTCTAACTTTA,16.67,25.0,F-Q-T-L,L-L-T-L,nonsynonymous,"transition,transversion","1,2"
711,723,943,955,12,0.833,forward,TTCAAACTTTAC,TTCTAACTTTAG,25.0,25.0,F-K-L-Y,F-*-L-*,stop_gain,transversion,"1,3"
792,804,960,972,12,0.833,reverse_complement,ATTATGTGGGTT,AACCAACAGAAT,33.33,33.33,I-M-W-V,N-Q-Q-N,nonsynonymous,"transition,transversion","1,2,3"
831,843,983,995,12,0.833,reverse_complement,AATATAATGAAA,TTTCCTAATATT,8.33,16.67,N-I-M-K,F-P-N-I,nonsynonymous,"transition,transversion","1,2,3"
839,851,923,935,12,0.833,forward,GAAAATGGAACC,GAAAAAGGAATC,41.67,33.33,E-N-G-T,E-K-G-I,nonsynonymous,"transition,transversion","2,3"
926,938,964,976,12,0.833,forward,AAAGGAATCTAT,AACAGAATCTAT,25.0,25.0,K-G-I-Y,N-R-I-Y,nonsynonymous,"transition,transversion","1,3"
929,941,975,987,12,0.833,reverse_complement,GGAATCTATCAA,TTGTTAGATTTC,33.33,25.0,G-I-Y-Q,L-L-D-F,nonsynonymous,"transition,transversion","1,2,3"
944,956,971,983,12,0.833,reverse_complement,TCTAACTTTAGA,TCTATTGTTAGA,25.0,25.0,S-N-F-R,S-I-V-R,nonsynonymous,"transition,transversion","1,2,3"
0,15,265,280,15,0.8,forward,TGTTTGTTTTTCTTG,TGTTTATTTTGCTTC,26.67,26.67,C-L-F-F-L,C-L-F-C-F,nonsynonymous,"transition,transversion","2,3"
1,16,435,450,15,0.8,reverse_complement,GTTTGTTTTTCTTGT,ACAAAAACAACAAAA,26.67,20.0,V-C-F-S-C,T-K-T-T-K,nonsynonymous,"transition,transversion","1,2,3"
7,22,435,450,15,0.8,reverse_complement,TTTTCTTGTTTTATT,ACAAAAACAACAAAA,13.33,20.0,F-S-C-F-I,T-K-T-T-K,nonsynonymous,"transition,transversion","1,2,3"
8,23,434,449,15,0.8,reverse_complement,TTTCTTGTTTTATTG,CACAAAAACAACAAA,20.0,26.67,F-L-V-L-L,H-K-N-N-K,nonsynonymous,"transition,transversion","1,2,3"
14,29,423,438,15,0.8,forward,GTTTTATTGCCACTA,GTGTTTATTACCACA,33.33,33.33,V-L-L-P-L,V-F-I-T-T,nonsynonymous,"transition,transversion","1,2,3"
46,61,802,817,15,0.8,forward,TAATCTTACAACCAG,TTATCTTCAACCTAG,33.33,33.33,*-S-Y-N-Q,L-S-S-T-*,nonsynonymous,"transition,transversion","1,2,3"
48,63,804,819,15,0.8,forward,ATCTTACAACCAGAA,ATCTTCAACCTAGGA,33.33,40.0,I-L-Q-P-E,I-F-N-L-G,nonsynonymous,"transition,transversion","1,2,3"
49,64,805,820,15,0.8,forward,TCTTACAACCAGAAC,TCTTCAACCTAGGAC,40.0,46.67,S-Y-N-Q-N,S-S-T-*-D,stop_gain,"transition,transversion","1,2,3"
50,65,806,821,15,0.8,forward,CTTACAACCAGAACT,CTTCAACCTAGGACT,40.0,46.67,L-T-T-R-T,L-Q-P-R-T,nonsynonymous,"transition,transversion","1,2,3"
52,67,463,478,15,0.8,reverse_complement,TACAACCAGAACTCA,TGAGTTCAGAGTTTA,40.0,33.33,Y-N-Q-N-S,*-V-Q-S-L,stop_gain,"transition,transversion","1,2,3"
56,71,740,755,15,0.8,reverse_complement,ACCAGAACTCAATTA,TATTTGACTCCTGGT,33.33,40.0,T-R-T-Q-L,Y-L-T-P-G,nonsynonymous,"transition,transversion","1,2,3"
58,73,457,472,15,0.8,reverse_complement,CAGAACTCAATTACC,GGAAAGTGAGTTCAG,40.0,46.67,Q-N-S-I-T,G-K-*-V-Q,stop_gain,"transition,transversion","1,2,3"
95,110,257,272,15,0.8,forward,ACACGTGGTGTTTAT,AATGATGGTGTTTAT,40.0,26.67,T-R-G-V-Y,N-D-G-V-Y,nonsynonymous,"transition,transversion","1,2,3"
96,111,258,273,15,0.8,forward,CACGTGGTGTTTATT,ATGATGGTGTTTATT,40.0,26.67,H-V-V-F-I,M-M-V-F-I,nonsynonymous,"transition,transversion","1,2,3"
97,112,258,273,15,0.8,forward,ACGTGGTGTTTATTA,ATGATGGTGTTTATT,33.33,26.67,T-W-C-L-L,M-M-V-F-I,nonsynonymous,"transition,transversion","1,2,3"
98,113,419,434,15,0.8,forward,CGTGGTGTTTATTAC,TTGGGTGTTTATTAC,40.0,33.33,R-G-V-Y-Y,L-G-V-Y-Y,nonsynonymous,"transition,transversion","1,2,3"
98,113,420,435,15,0.8,forward,CGTGGTGTTTATTAC,TGGGTGTTTATTACC,40.0,40.0,R-G-V-Y-Y,W-V-F-I-T,nonsynonymous,"transition,transversion","1,2,3"
99,114,419,434,15,0.8,forward,GTGGTGTTTATTACC,TTGGGTGTTTATTAC,40.0,33.33,V-V-F-I-T,L-G-V-Y-Y,nonsynonymous,transversion,"1,2,3"
99,114,420,435,15,0.867,forward,GTGGTGTTTATTACC,TGGGTGTTTATTACC,40.0,40.0,V-V-F-I-T,W-V-F-I-T,nonsynonymous,transversion,"1,2"
99,114,421,436,15,0.867,forward,GTGGTGTTTATTACC,GGGTGTTTATTACCA,40.0,40.0,V-V-F-I-T,G-C-L-L-P,nonsynonymous,transversion,"1,2,3"
100,115,262,277,15,0.8,forward,TGGTGTTTATTACCC,TGGTGTTTATTTTGC,40.0,33.33,W-C-L-L-P,W-C-L-F-C,nonsynonymous,"transition,transversion","1,2,3"
100,115,420,435,15,0.867,forward,TGGTGTTTATTACCC,TGGGTGTTTATTACC,40.0,40.0,W-C-L-L-P,W-V-F-I-T,nonsynonymous,transversion,"1,2,3"
100,115,421,436,15,0.867,forward,TGGTGTTTATTACCC,GGGTGTTTATTACCA,40.0,40.0,W-C-L-L-P,G-C-L-L-P,nonsynonymous,transversion,"1,3"
100,115,422,437,15,0.867,forward,TGGTGTTTATTACCC,GGTGTTTATTACCAC,40.0,40.0,W-C-L-L-P,G-V-Y-Y-H,nonsynonymous,transversion,"1,2,3"
101,116,263,278,15,0.8,forward,GGTGTTTATTACCCT,GGTGTTTATTTTGCT,40.0,33.33,G-V-Y-Y-P,G-V-Y-F-A,nonsynonymous,"transition,transversion","1,2,3"
101,116,421,436,15,0.8,forward,GGTGTTTATTACCCT,GGGTGTTTATTACCA,40.0,40.0,G-V-Y-Y-P,G-C-L-L-P,nonsynonymous,transversion,"1,2,3"
101,116,422,437,15,0.867,forward,GGTGTTTATTACCCT,GGTGTTTATTACCAC,40.0,40.0,G-V-Y-Y-P,G-V-Y-Y-H,nonsynonymous,"transition,transversion","2,3"
101,116,423,438,15,0.8,forward,GGTGTTTATTACCCT,GTGTTTATTACCACA,40.0,33.33,G-V-Y-Y-P,V-F-I-T-T,nonsynonymous,transversion,"1,2,3"
102,117,231,246,15,0.8,forward,GTGTTTATTACCCTG,GGTTTGATAACCCTG,40.0,46.67,V-F-I-T-L,G-L-I-T-L,nonsynonymous,transversion,"2,3"
102,117,423,438,15,0.8,forward,GTGTTTATTACCCTG,GTGTTTATTACCACA,40.0,33.33,V-F-I-T-L,V-F-I-T-T,nonsynonymous,"transition,transversion","1,2,3"
103,118,424,439,15,0.8,forward,TGTTTATTACCCTGA,TGTTTATTACCACAA,33.33,26.67,C-L-L-P-*,C-L-L-P-Q,stop_loss,"transition,transversion","1,2,3"
144,159,806,821,15,0.8,forward,ATTCAACTCAGGACT,CTTCAACCTAGGACT,40.0,46.67,I-Q-L-R-T,L-Q-P-R-T,nonsynonymous,"transition,transversion","1,2,3"
145,160,807,822,15,0.867,forward,TTCAACTCAGGACTT,TTCAACCTAGGACTT,40.0,40.0,F-N-S-G-L,F-N-L-G-L,nonsynonymous,transition,"1,2"
146,161,808,823,15,0.8,forward,TCAACTCAGGACTTG,TCAACCTAGGACTTT,46.67,40.0,S-T-Q-D-L,S-T-*-D-F,stop_gain,"transition,transversion","1,3"
147,162,809,824,15,0.8,forward,CAACTCAGGACTTGT,CAACCTAGGACTTTT,46.67,40.0,Q-L-R-T-C,Q-P-R-T-F,nonsynonymous,"transition,transversion","2,3"
174,189,710,725,15,0.8,forward,TTTCCAATGTTACTT,TTTCAAACTTTACTT,26.67,20.0,F-P-M-L-L,F-Q-T-L-L,nonsynonymous,"transition,transversion","2,3"
175,190,711,726,15,0.8,forward,TTCCAATGTTACTTG,TTCAAACTTTACTTG,33.33,26.67,F-Q-C-Y-L,F-K-L-Y-L,nonsynonymous,"transition,transversion","1,2"
191,206,719,734,15,0.8,forward,TTCCATGCTATACAT,TTACTTGCTTTACAT,33.33,26.67,F-H-A-I-H,L-L-A-L-H,nonsynonymous,transversion,"1,2,3"
213,228,666,681,15,0.8,reverse_complement,GGACCAATGGTACTA,TAGAACCATTGGTAG,46.67,40.0,G-P-M-V-L,*-N-H-W-*,stop_gain,"transition,transversion","1,2,3"
214,229,664,679,15,0.8,reverse_complement,GACCAATGGTACTAA,TTTAGAACCATTGGT,40.0,33.33,D-Q-W-Y-*,F-R-T-I-G,stop_loss,"transition,transversion","1,2,3"
214,229,665,680,15,0.867,reverse_complement,GACCAATGGTACTAA,TTAGAACCATTGGTA,40.0,33.33,D-Q-W-Y-*,L-E-P-L-V,stop_loss,"transition,transversion","1,2,3"
214,229,685,700,15,0.8,forward,GACCAATGGTACTAA,GCCAATAGGTATTAA,40.0,33.33,D-Q-W-Y-*,A-N-R-Y-*,nonsynonymous,"transition,transversion","1,2,3"
215,230,663,678,15,0.8,reverse_complement,ACCAATGGTACTAAG,CTTTAGAACCATTGG,40.0,40.0,T-N-G-T-K,L-*-N-H-W,stop_gain,"transition,transversion","1,2,3"
215,230,664,679,15,0.867,reverse_complement,ACCAATGGTACTAAG,TTTAGAACCATTGGT,40.0,33.33,T-N-G-T-K,F-R-T-I-G,nonsynonymous,"transition,transversion","1,2,3"
215,230,665,680,15,0.8,reverse_complement,ACCAATGGTACTAAG,TTAGAACCATTGGTA,40.0,33.33,T-N-G-T-K,L-E-P-L-V,nonsynonymous,"transition,transversion","1,2,3"
216,231,663,678,15,0.8,reverse_complement,CCAATGGTACTAAGA,CTTTAGAACCATTGG,40.0,40.0,P-M-V-L-R,L-*-N-H-W,stop_gain,"transition,transversion","1,2,3"
216,231,664,679,15,0.8,reverse_complement,CCAATGGTACTAAGA,TTTAGAACCATTGGT,40.0,33.33,P-M-V-L-R,F-R-T-I-G,nonsynonymous,"transition,transversion","1,2,3"
217,232,662,677,15,0.8,reverse_complement,CAATGGTACTAAGAG,GCTTTAGAACCATTG,40.0,40.0,Q-W-Y-*-E,A-L-E-P-L,stop_loss,"transition,transversion","1,2,3"
217,232,663,678,15,0.8,reverse_complement,CAATGGTACTAAGAG,CTTTAGAACCATTGG,40.0,40.0,Q-W-Y-*-E,L-*-N-H-W,nonsynonymous,"transition,transversion","1,2,3"
223,238,297,312,15,0.8,forward,TACTAAGAGGTTTGA,TAATAAGAGGCTGGA,33.33,40.0,Y-*-E-V-*,*-*-E-A-G,nonsynonymous,"transition,transversion","1,2,3"
224,239,298,313,15,0.8,forward,ACTAAGAGGTTTGAT,AATAAGAGGCTGGAT,33.33,40.0,T-K-R-F-D,N-K-R-L-D,nonsynonymous,"transition,transversion","1,2,3"
224,239,936,951,15,0.8,reverse_complement,ACTAAGAGGTTTGAT,ATCAAACTTCTAACT,33.33,26.67,T-K-R-F-D,I-K-L-L-T,nonsynonymous,"transition,transversion","1,2,3"
225,240,553,568,15,0.8,reverse_complement,CTAAGAGGTTTGATA,TTTCAAAAATCTTAG,33.33,20.0,L-R-G-L-I,F-Q-K-S-*,stop_gain,"transition,transversion","1,2,3"
225,240,935,950,15,0.8,reverse_complement,CTAAGAGGTTTGATA,TATCAAACTTCTAAC,33.33,26.67,L-R-G-L-I,Y-Q-T-S-N,nonsynonymous,"transition,transversion","1,2,3"
226,241,933,948,15,0.8,reverse_complement,TAAGAGGTTTGATAA,TCTATCAAACTTCTA,26.67,26.67,*-E-V-*-*,S-I-K-L-L,stop_loss,"transition,transversion","1,2,3"
226,241,934,949,15,0.8,reverse_complement,TAAGAGGTTTGATAA,CTATCAAACTTCTAA,26.67,26.67,*-E-V-*-*,L-S-N-F-*,nonsynonymous,"transition,transversion","1,2,3"
274,289,911,926,15,0.8,forward,TGCTTCCACTGAGAA,TCCTTCACTGTAGAA,46.67,40.0,C-F-H-*-E,S-F-T-V-E,stop_loss,"transition,transversion","1,2,3"
284,299,973,988,15,0.8,reverse_complement,GAGAAGTCTAACATA,TATTGTTAGATTTCC,33.33,26.67,E-K-S-N-I,Y-C-*-I-S,stop_gain,"transition,transversion","1,2,3"
293,308,785,800,15,0.8,reverse_complement,AACATAATAAGAGGC,GCAGCTTATTATGTG,33.33,40.0,N-I-I-R-G,A-A-Y-Y-V,nonsynonymous,"transition,transversion","1,2,3"
294,309,516,531,15,0.8,reverse_complement,ACATAATAAGAGGCT,AGCCTTTTCTTATGG,33.33,40.0,T-*-*-E-A,S-L-F-L-W,stop_loss,"transition,transversion","1,2,3"
294,309,784,799,15,0.8,reverse_complement,ACATAATAAGAGGCT,TGCAGCTTATTATGT,33.33,33.33,T-*-*-E-A,C-S-L-L-C,stop_loss,"transition,transversion","1,2,3"
295,310,515,530,15,0.867,reverse_complement,CATAATAAGAGGCTG,CAGCCTTTTCTTATG,40.0,40.0,H-N-K-R-L,Q-P-F-L-M,nonsynonymous,transversion,"1,2,3"
295,310,783,798,15,0.8,reverse_complement,CATAATAAGAGGCTG,CTGCAGCTTATTATG,40.0,40.0,H-N-K-R-L,L-Q-L-I-M,nonsynonymous,transversion,"1,2,3"
296,311,514,529,15,0.8,reverse_complement,ATAATAAGAGGCTGG,TCAGCCTTTTCTTAT,40.0,33.33,I-I-R-G-W,S-A-F-S-Y,nonsynonymous,"transition,transversion","1,2,3"
310,325,549,564,15,0.8,reverse_complement,GATTTTTGGTACTAC,GTAATTTCAAAAATC,33.33,20.0,D-F-W-Y-Y,V-I-S-K-I,nonsynonymous,"transition,transversion","1,2,3"
319,334,944,959,15,0.8,forward,TACTACTTTAGATTC,TCTAACTTTAGAGTC,26.67,33.33,Y-Y-F-R-F,S-N-F-R-V,nonsynonymous,"transition,transversion","1,2,3"
322,337,947,962,15,0.8,forward,TACTTTAGATTCGAA,AACTTTAGAGTCCAA,26.67,33.33,Y-F-R-F-E,N-F-R-V-Q,nonsynonymous,transversion,1
323,338,948,963,15,0.8,forward,ACTTTAGATTCGAAG,ACTTTAGAGTCCAAC,33.33,40.0,T-L-D-S-K,T-L-E-S-N,nonsynonymous,transversion,3
368,383,437,452,15,0.8,reverse_complement,ACTAATGTTGTTATT,AAAAACAACAAAAGT,20.0,20.0,T-N-V-V-I,K-N-N-K-S,nonsynonymous,"transition,transversion","1,2,3"
369,384,694,709,15,0.8,reverse_complement,CTAATGTTGTTATTA,TATTAACATCACTAG,20.0,26.67,L-M-L-L-L,Y-*-H-H-*,stop_gain,"transition,transversion","1,2,3"
393,408,491,506,15,0.8,forward,AATTTCAATTTTGTA,AATTGCACTTTTGAA,13.33,26.67,N-F-N-F-V,N-C-T-F-E,nonsynonymous,transversion,2
403,418,842,857,15,0.8,reverse_complement,TTGTAATGATCCATT,AATGGAACCATTACA,26.67,33.33,L-*-*-S-I,N-G-T-I-T,stop_loss,"transition,transversion","1,2,3"
404,419,841,856,15,0.8,reverse_complement,TGTAATGATCCATTT,AAATGGAACCATTAC,26.67,33.33,C-N-D-P-F,K-W-N-H-Y,nonsynonymous,"transition,transversion","1,2,3"
404,419,842,857,15,0.8,reverse_complement,TGTAATGATCCATTT,AATGGAACCATTACA,26.67,33.33,C-N-D-P-F,N-G-T-I-T,nonsynonymous,"transition,transversion","1,2,3"
405,420,840,855,15,0.8,reverse_complement,GTAATGATCCATTTT,AAAATGGAACCATTA,26.67,26.67,V-M-I-H-F,K-M-E-P-L,nonsynonymous,"transition,transversion","1,2,3"
405,420,841,856,15,0.8,reverse_complement,GTAATGATCCATTTT,AAATGGAACCATTAC,26.67,33.33,V-M-I-H-F,K-W-N-H-Y,nonsynonymous,"transition,transversion","1,2,3"
406,421,840,855,15,0.8,reverse_complement,TAATGATCCATTTTT,AAAATGGAACCATTA,20.0,26.67,*-*-S-I-F,K-M-E-P-L,stop_loss,"transition,transversion","1,2,3"
438,453,715,730,15,0.8,reverse_complement,AAAACAACAAAAGTT,AACTTTACTTGCTTT,20.0,26.67,K-T-T-K-V,N-F-T-C-F,nonsynonymous,"transition,transversion","1,2,3"
546,561,591,606,15,0.8,forward,AGGGTAATTTCAAAA,ATGGTTATTTTAAAA,26.67,13.33,R-V-I-S-K,M-V-I-L-K,nonsynonymous,"transition,transversion","2,3"
560,575,980,995,15,0.8,reverse_complement,AATCTTAGGGAATTT,AGATTTCCTAATATT,26.67,20.0,N-L-R-E-F,R-F-P-N-I,nonsynonymous,"transition,transversion","1,2,3"
574,589,606,621,15,0.8,reverse_complement,TGTGTTTAAGAATAT,TATATTCTAAGCACA,20.0,26.67,C-V-*-E-Y,Y-I-L-S-T,stop_loss,"transition,transversion","1,2,3"
574,589,607,622,15,0.8,reverse_complement,TGTGTTTAAGAATAT,ATATTCTAAGCACAC,20.0,33.33,C-V-*-E-Y,I-F-*-A-H,nonsynonymous,"transition,transversion","1,2,3"
575,590,605,620,15,0.8,reverse_complement,GTGTTTAAGAATATT,ATATATTCTAAGCAC,20.0,26.67,V-F-K-N-I,I-Y-S-K-H,nonsynonymous,"transition,transversion","1,2,3"
594,609,821,836,15,0.8,forward,GTTATTTTAAAATAT,TTTCTATTAAAATAT,6.67,6.67,V-I-L-K-Y,F-L-L-K-Y,nonsynonymous,transversion,"1,3"
598,613,825,840,15,0.8,forward,TTTTAAAATATATTC,TATTAAAATATAATG,6.67,6.67,F-*-N-I-F,Y-*-N-I-M,nonsynonymous,transversion,"1,2,3"
600,615,827,842,15,0.8,forward,TTAAAATATATTCTA,TTAAAATATAATGAA,6.67,6.67,L-K-Y-I-L,L-K-Y-N-E,nonsynonymous,transversion,"1,2"
601,616,828,843,15,0.8,forward,TAAAATATATTCTAA,TAAAATATAATGAAA,6.67,6.67,*-N-I-F-*,*-N-I-M-K,nonsynonymous,transversion,"1,3"
669,684,970,985,15,0.8,forward,AACCATTGGTAGATT,ATCTATTGTTAGATT,33.33,20.0,N-H-W-*-I,I-Y-C-*-I,nonsynonymous,"transition,transversion","1,2,3"
670,685,971,986,15,0.8,forward,ACCATTGGTAGATTT,TCTATTGTTAGATTT,33.33,20.0,T-I-G-R-F,S-I-V-R-F,nonsynonymous,"transition,transversion","1,2,3"
671,686,972,987,15,0.8,forward,CCATTGGTAGATTTG,CTATTGTTAGATTTC,40.0,26.67,P-L-V-D-L,L-L-L-D-F,nonsynonymous,"transition,transversion","1,2,3"
672,687,972,987,15,0.8,forward,CATTGGTAGATTTGC,CTATTGTTAGATTTC,40.0,26.67,H-W-*-I-C,L-L-L-D-F,stop_loss,"transition,transversion","1,2,3"
672,687,973,988,15,0.8,forward,CATTGGTAGATTTGC,TATTGTTAGATTTCC,40.0,26.67,H-W-*-I-C,Y-C-*-I-S,nonsynonymous,"transition,transversion","1,2,3"
673,688,973,988,15,0.8,forward,ATTGGTAGATTTGCC,TATTGTTAGATTTCC,40.0,26.67,I-G-R-F-A,Y-C-*-I-S,stop_gain,"transition,transversion","1,2,3"
673,688,974,989,15,0.8,forward,ATTGGTAGATTTGCC,ATTGTTAGATTTCCT,40.0,26.67,I-G-R-F-A,I-V-R-F-P,nonsynonymous,"transition,transversion","1,2,3"
674,689,975,990,15,0.8,forward,TTGGTAGATTTGCCA,TTGTTAGATTTCCTA,40.0,26.67,L-V-D-L-P,L-L-D-F-L,nonsynonymous,"transition,transversion","1,2,3"
675,690,976,991,15,0.8,forward,TGGTAGATTTGCCAA,TGTTAGATTTCCTAA,40.0,26.67,W-*-I-C-Q,C-*-I-S-*,nonsynonymous,"transition,transversion","1,2,3"
676,691,977,992,15,0.8,forward,GGTAGATTTGCCAAT,GTTAGATTTCCTAAT,40.0,26.67,G-R-F-A-N,V-R-F-P-N,nonsynonymous,"transition,transversion","1,2,3"
677,692,978,993,15,0.8,forward,GTAGATTTGCCAATA,TTAGATTTCCTAATA,33.33,20.0,V-D-L-P-I,L-D-F-L-I,nonsynonymous,"transition,transversion","1,2,3"
678,693,979,994,15,0.8,forward,TAGATTTGCCAATAG,TAGATTTCCTAATAT,33.33,20.0,*-I-C-Q-*,*-I-S-*-Y,nonsynonymous,"transition,transversion","1,2,3"
701,716,743,758,15,0.8,reverse_complement,ATCACTAGGTTTCAA,TTGACTCCTGGTGAT,33.33,46.67,I-T-R-F-Q,L-T-P-G-D,nonsynonymous,transversion,"1,2,3"
702,717,742,757,15,0.8,reverse_complement,TCACTAGGTTTCAAA,TTTGACTCCTGGTGA,33.33,46.67,S-L-G-F-K,F-D-S-W-*,stop_gain,"transition,transversion","1,2,3"
760,775,956,971,15,0.8,reverse_complement,TTCTTCAGGTTGGAC,GTCCAACCAACAGAA,46.67,46.67,F-F-R-L-D,V-Q-P-T-E,nonsynonymous,"transition,transversion","1,2,3"
944,959,968,983,15,0.8,reverse_complement,TCTAACTTTAGAGTC,GAATCTATTGTTAGA,33.33,26.67,S-N-F-R-V,E-S-I-V-R,nonsynonymous,"transition,transversion","1,2,3"
673,691,974,992,18,0.833,forward,ATTGGTAGATTTGCCAAT,ATTGTTAGATTTCCTAAT,33.33,22.22,I-G-R-F-A-N,I-V-R-F-P-N,nonsynonymous,"transition,transversion","1,2,3"
674,692,975,993,18,0.833,forward,TTGGTAGATTTGCCAATA,TTGTTAGATTTCCTAATA,33.33,22.22,L-V-D-L-P-I,L-L-D-F-L-I,nonsynonymous,"transition,transversion","1,2,3"
